"","baseMean","log2FoldChange","lfcSE","stat","pvalue","padj"
"p0002",1486.16387107231,-1.28836581177851,0.110011943194025,-11.7111449391114,1.11760143261093e-31,7.41374398615613e-31
"p0006",9386.08921286628,5.31863422392721,0.0784816366656346,67.7691553068251,0,0
"p0009",1281.00049094229,1.27366679202492,0.108969158868186,11.6883236069171,1.462447508456e-31,9.65968547430807e-31
"p0010",4775.78009373347,-1.47968929471835,0.0839977865199826,-17.6158129400986,1.86293532948376e-69,2.31214312264154e-68
"p0011",1559.08967511927,1.98705209049951,0.0988369751196888,20.1043393739361,6.76147800757139e-90,1.20999007600609e-88
"p0015",3621.00552979759,-2.29451306661276,0.105209158617445,-21.8090620319085,1.90338326622818e-105,4.06848173156274e-104
"p0016",1686.03444965112,-2.00877822333755,0.110934429953398,-18.1077977701009,2.76594088757802e-73,3.6382760905834e-72
"p0017",744.536941318917,-2.46316397784786,0.15437550783264,-15.9556655873042,2.60184982510047e-57,2.68741401397961e-56
"p0018",1416.84766596651,1.58883293893435,0.102740087903712,15.4645861352912,6.01586577722319e-54,5.93488296868364e-53
"p0019",5118.06107785652,-1.92343873614219,0.0794016728917377,-24.2241588381237,1.23825430893135e-129,3.46486069353699e-128
"p0024",516.399208765244,-1.0199254170363,0.162787980730798,-6.26536070081823,3.7196338549885e-10,1.19012817106597e-09
"p0026",3346.7109990713,-2.22486404302284,0.0881719418057294,-25.2332431095248,1.72999067784504e-140,5.32491130640704e-139
"p0027",350.015352075646,1.19722475567388,0.17502096137655,6.84046497206755,7.8936547497548e-12,2.7299628449152e-11
"p0028",2750.74906369618,-1.90823332279749,0.0990154028405683,-19.2720856357073,9.21466973098409e-83,1.41813767159845e-81
"p0030",674.247132704492,-1.55107103550745,0.148193151475734,-10.4665500400093,1.23045962689121e-25,6.8117890855596e-25
"p0032",9690.12249301228,-1.06961319465214,0.0698341170614396,-15.3164848309187,5.93410922162877e-53,5.74376986923691e-52
"p0033",1280.84533285626,-1.15594877051451,0.110812573215201,-10.4315668969227,1.77929633117063e-25,9.81482814936056e-25
"p0042",1412.44476630286,-2.36200014340157,0.122027163304463,-19.3563472217106,1.80220451383175e-83,2.95063058168837e-82
"p0044",284.30629398662,1.33387452846705,0.196323196909208,6.79427876820849,1.08855718643629e-11,3.70639272107401e-11
"p0045",1210.85003680828,-2.80937757091675,0.13064624456219,-21.5036994008614,1.43759009687798e-102,2.98979886364219e-101
"p0046",165.35470865046,-1.25564130594572,0.283564004388675,-4.42807015880844,9.50799767297622e-06,2.25120129518622e-05
"p0054",4128.26264134545,2.33628759768647,0.0794417663958873,29.4088072770675,4.23742799574966e-190,1.86325762441678e-188
"p0060",1916.77910726039,-1.21902302646668,0.100501241108545,-12.1294325624306,7.37587470698237e-34,5.1833201707972e-33
"p0061",2177.79770120801,-1.15659189986225,0.0956073505742999,-12.09731148196,1.09126845508925e-33,7.63391887446525e-33
"p0064",3581.01604708823,2.03009101960613,0.0883557672643752,22.9763272105573,8.04063999588861e-117,1.84694700801083e-115
"p0066",1104.25752537416,-2.85389690319251,0.139102074642406,-20.5165660579047,1.53155947924294e-93,2.87447565677426e-92
"p0074",1830.32902745037,3.6501718910781,0.113269530715691,32.2255408671208,7.74577702174487e-228,3.97358361215512e-226
"p0079",538.046709307884,1.09099233957296,0.146814887975698,7.4310742910048,1.07719186774902e-13,4.10346110016274e-13
"p0087",225.377181754323,-1.21701309103099,0.231254137920353,-5.26266514396447,1.4198203232587e-07,3.86743978317724e-07
"p0092",3344.09650630587,-1.04908017567024,0.0830359412295714,-12.6340493060688,1.3704043937357e-36,1.0440853277026e-35
"p0106",9686.70091647068,-1.54003690001607,0.0706634993543486,-21.7939518151149,2.64785177505728e-105,5.58225189289474e-104
"p0112",224.539178060709,1.30722498088364,0.240530743536264,5.43475217207134,5.4872644148427e-08,1.53823313924279e-07
"p0120",455.658051391596,-2.66848703912141,0.196116189294531,-13.6066637268473,3.65553989117815e-42,3.04101399595847e-41
"p0122",269.190595840588,1.00740705011813,0.201767560383619,4.9929089106433,5.94766128845738e-07,1.55406633666144e-06
"p0125",281.989603661755,1.06263261095498,0.195486604044403,5.43583339712433,5.45408990978138e-08,1.53172342539298e-07
"p0126",770.673594459656,2.87671791706769,0.145222253479029,19.8090709113194,2.4862963771466e-87,4.25156680492068e-86
"p0127",808.807763956471,2.28488977621927,0.14262428803697,16.0203413294305,9.21430847119768e-58,9.71289091587208e-57
"p0128",925.56086528656,-2.72678136138863,0.145930589110491,-18.6854680571738,6.50062046914868e-78,9.26338416853687e-77
"p0129",683.310500687197,-1.25026259083481,0.150976773434786,-8.28115850134296,1.21982700374601e-16,5.30314621120088e-16
"p0130",553.019967496053,1.3367458125005,0.157522965111294,8.48603764889808,2.13802202398586e-17,9.50987252865389e-17
"p0132",13297.4766736609,6.60097993939427,0.079286994101798,83.2542589635716,0,0
"p0135",511.031562908703,2.1201176427474,0.177068451156076,11.97343529525,4.8958710908125e-33,3.34877582611575e-32
"p0137",1398.86907845185,-1.60117830424066,0.119285300749889,-13.4230981870761,4.42806627021963e-41,3.56795496851728e-40
"p0138",995.556585424869,-3.52104731798907,0.157023702684186,-22.423667623421,2.31317987709633e-111,5.15939685630616e-110
"p0139",807.248254473572,-2.05020777750853,0.150039706989316,-13.6644346929744,1.65584680496314e-42,1.38497186567298e-41
"p0143",971.238705637614,-1.16322302576831,0.123639486598224,-9.4081838882775,5.04783066712701e-21,2.48993955022707e-20
"p0144",2024.4241881106,2.34811640742574,0.104298095348725,22.5135118678314,3.06041887624878e-112,6.92644801551011e-111
"p0150",1011.44616147292,1.26552026960449,0.114300210746082,11.0718979549027,1.7172453391271e-28,1.04460101854411e-27
"p0157",443.796840369049,1.83170593388121,0.170506036532036,10.7427629609879,6.4096904538729e-27,3.70846376259789e-26
"p0158",325.308452938294,2.31601441703559,0.193724792392456,11.9551782114893,6.10025709331558e-33,4.15411312681977e-32
"p0159",393.39260656685,-1.15083469490337,0.178667220287457,-6.4412190050967,1.18517708547387e-10,3.83997375693535e-10
"p0164",701.051637173577,-2.00671189395973,0.164437379552287,-12.2035020226143,2.9773761510058e-34,2.12138050759163e-33
"p0166",538.222666383932,1.40155120879999,0.148065990584415,9.46572000273714,2.91545510691691e-21,1.44738239017585e-20
"p0167",635.796221794181,2.66339527045369,0.14525771483046,18.3356544852871,4.29812022595282e-75,5.80246230503631e-74
"p0171",955.270069240572,-3.23019214115209,0.154318012167808,-20.9320486686903,2.73486227521742e-97,5.32778866020203e-96
"p0173",3642.250045921,-2.20990092588938,0.0935447877378597,-23.6239878172815,2.18524598487603e-123,5.51326814872822e-122
"p0176",1156.34166517526,-3.77147591660884,0.160920177924106,-23.4369360341347,1.79659643408666e-121,4.45961598719254e-120
"p0178",298.338396092274,1.30783305637273,0.189184081670087,6.91301849937581,4.7444804716431e-12,1.65572685847137e-11
"p0181",618.154180751422,-1.44814364352463,0.154377685953185,-9.38052435870676,6.56454396021887e-21,3.22774222197343e-20
"p0188",163.794525452602,1.13177214127251,0.282166260465719,4.01101159084187,6.04591417061576e-05,0.000130317393677558
"p0189",458.575624762668,2.17453804821724,0.160941939226213,13.5113200367295,1.34095268834866e-41,1.10953020826268e-40
"p0190",2995.50085972094,-1.14068505979632,0.0902600596179356,-12.6377609833714,1.30723641319388e-36,1.00091385069919e-35
"p0192",323.614233180518,-1.61399848884902,0.201919990396348,-7.99325755553427,1.31419181131776e-15,5.52606884595092e-15
"p0195",792.568755875078,2.13748496012366,0.127516687236227,16.7623940556417,4.5973335113526e-63,5.24096020294197e-62
"p0198",426.413494115369,-1.85536330475492,0.180883013137153,-10.2572556293504,1.09782425628416e-24,5.94912510711732e-24
"p0201",153.263990346285,1.05241377126314,0.255966219485835,4.11153383199216,3.93039266397803e-05,8.69091136474453e-05
"p0208",3091.86203305148,-1.10404146962025,0.0898836874716722,-12.2830015175802,1.1177308714989e-34,8.11409344923024e-34
"p0209",490.421428226621,2.94178269158229,0.160852247364612,18.2887260811097,1.01765623148805e-74,1.36188951326966e-73
"p0210",499.536907924325,-1.95871261172745,0.170846131728848,-11.4647758887286,1.98272181809883e-30,1.27142036585587e-29
"p0224",1392.79159126402,4.05015560166372,0.124449441481543,32.5445864075204,2.49763686313145e-232,1.32547004564114e-230
"p0225",2761.92483917125,1.64558185288534,0.0841886362371129,19.5463654768162,4.42978051502335e-85,7.41025240502275e-84
"p0230",196.605728440318,1.09329626129232,0.253309305061437,4.31605250753485,1.58844210357619e-05,3.66508605307909e-05
"p0231",206.936669190341,-1.01860512061778,0.24495754093889,-4.1582925625135,3.20635211400658e-05,7.14120970109424e-05
"p0237",586.303231291497,-1.43244837488471,0.158427064203377,-9.04168982798193,1.54268287858802e-19,7.37325760915208e-19
"p0241",170.027423060894,1.32128734944224,0.24677120008173,5.3543012677518,8.58876579750455e-08,2.36459938503748e-07
"p0244",1047.17335793867,4.46606889157807,0.133855235582183,33.3649174957826,4.42694763763286e-244,2.43324014797035e-242
"p0245",1637.51016379571,1.66763633361534,0.0975210652120064,17.1002678240847,1.47723891179656e-65,1.7354738055381e-64
"p0248",299.650252699531,1.1084294994466,0.20129308408439,5.50654536636688,3.65943692180896e-08,1.04487447544786e-07
"p0251",837.064259170221,1.10191831360943,0.123193938103547,8.94458226250744,3.73359196460061e-19,1.76257608390194e-18
"p0252",1039.06196612638,-2.35161434335969,0.132133847137129,-17.7972139183927,7.42731248420391e-71,9.36937205999165e-70
"p0253",910.103196222614,1.07526556059741,0.119666499585514,8.98551862318851,2.57516894804222e-19,1.22699226347894e-18
"p0254",703.424792079794,-1.88653020008904,0.157117085198154,-12.007161396291,3.25838362610382e-33,2.25885243269089e-32
"p0257",428.921426142806,3.58902160675208,0.192786398327969,18.6165706599613,2.35842097866327e-77,3.26991881636285e-76
"p0258",156.235097689382,1.3609664746043,0.276527864514465,4.92162508466883,8.58285175676313e-07,2.20517677022679e-06
"p0262",374.727325787459,1.76605149562988,0.210313764776673,8.39722258552692,4.57162958017128e-17,2.01021083539531e-16
"p0266",651.060854499352,1.21793007556477,0.145073298463245,8.39527389579099,4.64809443195284e-17,2.03801063554855e-16
"p0268",361.401943878076,1.27865059344764,0.189089942630552,6.76212904641838,1.35978500105141e-11,4.59936069586399e-11
"p0269",388.339937713178,2.48476098669106,0.184559128852841,13.4632245076985,2.57432057350773e-41,2.08519966454126e-40
"p0274",872.663461096229,-3.5986915506332,0.176182084581285,-20.4259789477794,9.82690587441421e-93,1.82212146273777e-91
"p0275",554.959378531138,1.42116140881156,0.14579072283745,9.74795502177519,1.88221504521451e-22,9.72056696169509e-22
"p0277",358.673348631717,-1.08858537389962,0.18495379778907,-5.88571517272163,3.96336368331988e-09,1.19835298794289e-08
"p0281",421.908745931431,-2.04232365593133,0.189028533652277,-10.8043141237514,3.28402043507035e-27,1.92171385915333e-26
"p0291",391.155708192763,-1.04997630765479,0.18596329400506,-5.64614814591432,1.64082468211507e-08,4.81913966750972e-08
"p0300",2030.39083331858,4.24319612201725,0.113747557293501,37.3036241215148,1.43344810382619e-304,1.00276210535841e-302
"p0302",256.768336593647,1.51961472051844,0.222265540585805,6.83693350086268,8.09062731935348e-12,2.79181063777691e-11
"p0303",860.152754300258,-2.03883320421239,0.13767653549566,-14.8088648285071,1.28390268315183e-49,1.18318935890459e-48
"p0308",505.532684731107,-1.02793254651064,0.168111135189638,-6.11460118540676,9.67987351108491e-10,3.00349301079832e-09
"p0310",1898.75562901714,4.73279906136994,0.116403118688384,40.6586963880222,0,0
"p0311",664.460060459362,2.63672141615407,0.138496534825662,19.0381760776409,8.23456516360254e-81,1.25475205809746e-79
"p0312",7515.6455979122,6.17434494327937,0.0867447103815251,71.1783452399927,0,0
"p0313",1878.55682749696,1.12639845597607,0.0936507202547985,12.0276539562263,2.54283958173124e-33,1.77078285804723e-32
"p0315",548.104514934032,2.49863671387867,0.172203986366555,14.5097495510938,1.05103612695286e-47,9.34996878254596e-47
"p0318",494.355811325598,1.40123400044778,0.152209668288963,9.20594608870442,3.38674434668041e-20,1.63905646211986e-19
"p0323",954.624950935028,-2.24408399509841,0.139474669082607,-16.0895452189193,3.02047888863006e-58,3.20587379972528e-57
"p0324",691.998942248578,-1.86885594765097,0.15351084744544,-12.1740970019411,4.27094603640172e-34,3.01513116973498e-33
"p0325",372.838566380163,-1.15923604198934,0.185195826199675,-6.25951494576055,3.86176724964156e-10,1.2330414517009e-09
"p0328",339.062522317137,1.11554884709821,0.180779198822353,6.17078101001229,6.79534858381369e-10,2.12994734633183e-09
"p0333",442.355352904459,1.18476504627246,0.170719066747002,6.93985193832059,3.92511104154063e-12,1.38232171462953e-11
"p0335",726.55564438171,-2.51455481122308,0.154838798717569,-16.2398238170893,2.63680353552641e-59,2.87804300792563e-58
"p0338",653.364213028855,-2.30894859705962,0.158272152455514,-14.5884703103953,3.32571213606457e-48,2.99314092245811e-47
"p0342",680.058116186043,-1.32660504343506,0.152258119209218,-8.71286897752998,2.96279028763022e-18,1.36518989600686e-17
"p0347",798.286206858967,-3.26030455955474,0.168568399692636,-19.3411372801753,2.42077039360362e-83,3.92164803763786e-82
"p0349",211.92725696569,-1.65209296412928,0.247126991930901,-6.68519837198206,2.30612042942878e-11,7.69874043577200e-11
"p0351",216.964537941036,1.28458248267367,0.257794600765638,4.98296891734162,6.26160121326994e-07,1.63332275715634e-06
"p0356",1397.28706286584,2.91047160790032,0.106441660070783,27.3433503946189,1.29557169651542e-164,4.98471210234309e-163
"p0360",951.060172281685,1.49070153244496,0.117265943078341,12.7121438101519,5.06272047550922e-37,3.91534010643653e-36
"p0361",558.772048781997,-1.4471047117642,0.156795022020855,-9.22927713592673,2.72464397789791e-20,1.33118320063012e-19
"p0365",1419.89695567534,-2.95101166427415,0.126953007692043,-23.2449133574887,1.60144706896151e-119,3.85097974864338e-118
"p0370",7742.97274433593,-2.53290864612977,0.0753527214179619,-33.6140301035762,1.04643598492988e-247,5.96468511410032e-246
"p0371",1144.95535464505,-1.60015694446859,0.120440382682673,-13.2858839271921,2.79537767403431e-40,2.21757022697876e-39
"p0372",282.917968258986,1.66921886219806,0.194562701042333,8.57933639518537,9.5422034856315e-18,4.30658391917504e-17
"p0375",428.968547456611,-1.55605746085408,0.176393653139008,-8.82150481700056,1.12931663880595e-18,5.21927419556262e-18
"p0379",1216.46585814329,-3.46901695286972,0.143268738552135,-24.2133558788009,1.60927114628046e-129,4.34503209495725e-128
"p0382",818.330210068737,-1.94692778782721,0.141323614496772,-13.7763797986619,3.5356268085001e-43,3.00625947971362e-42
"p0383",1182.72597835699,-1.76095025204706,0.123061071282468,-14.3095638100295,1.90705688170796e-46,1.67712030911346e-45
"p0385",3317.785630565,4.31119978864275,0.0893807584473853,48.2340927010658,0,0
"p0388",265.266189461111,-1.31424601341943,0.218132362378261,-6.02499326138692,1.691166697907e-09,5.23683208868987e-09
"p0390",1791.25721831683,-1.65740235037596,0.103533607900704,-16.0083511429982,1.11731717867111e-57,1.16976267889445e-56
"p0395",596.112095490779,-1.05234572153084,0.149950807093261,-7.01793969589201,2.25163679852536e-12,8.09642297413674e-12
"p0396",254.219806792352,-1.56459559097136,0.24182354732698,-6.46998858575091,9.80103206594414e-11,3.18896159608626e-10
"p0401",2051.99789898809,-1.95035924145629,0.0994812349785301,-19.6052978421228,1.39334177719669e-85,2.35643186275352e-84
"p0402",196.511346651418,1.87850468179643,0.264843274843597,7.09289175987489,1.31338182150298e-12,4.77847428674488e-12
"p0403",440.146972176382,3.2372339668948,0.181720506347,17.8143569593253,5.46826823876956e-71,6.95509489212096e-70
"p0405",1085.80420205375,-1.87784847453304,0.124767179006491,-15.0508209730008,3.40976399630606e-51,3.23927579649076e-50
"p0407",199.545205925173,1.21220698919689,0.234252605351997,5.17478551572729,2.28172942613993e-07,6.13912864830307e-07
"p0408",587.654300489621,-2.01618312090817,0.169388131740605,-11.9027413561399,1.14522258240386e-32,7.73025243122607e-32
"p0409",924.549569959322,-2.76118622160487,0.147411371977572,-18.7311615417634,2.75831746434681e-78,3.96733698843901e-77
"p0413",716.696504096956,-2.98717915890136,0.165722049819664,-18.025236606426,1.23482680460524e-72,1.61050716295548e-71
"p0414",1599.96337603009,-3.07651732338884,0.120604091752556,-25.5092284074485,1.55727701209353e-143,5.0992538757701e-142
"p0415",1230.02004311725,-1.11491456363743,0.112533630490753,-9.907389984446,3.86613838517929e-23,2.01013073472666e-22
"p0416",2449.90094016916,-1.43515558915121,0.0976157490865527,-14.7020906214498,6.24999160977579e-49,5.69156040677215e-48
"p0421",4123.32310839642,6.39461038204632,0.1067773993223,59.887302206571,0,0
"p0424",446.871763997055,2.93518365694415,0.168190740610856,17.4515175228065,3.35207477452682e-68,4.03034615468498e-67
"p0425",3158.10988888049,-2.15949225299023,0.08881014748214,-24.3158277991208,1.33338158131961e-130,3.87183821443561e-129
"p0430",344.627362740857,-1.58734250001512,0.199124853746757,-7.97159405341668,1.56640613184903e-15,6.56866222592821e-15
"p0434",1006.31986875635,1.96019512029492,0.130675535652646,15.0004751119244,7.28956510353322e-51,6.79917617838644e-50
"p0436",254.00106438798,1.14619221765976,0.203313194881329,5.63756926021833,1.72467247392121e-08,5.04614246647288e-08
"p0438",468.660319807781,2.36861121317651,0.167192901984763,14.1669364252818,1.46764818428758e-45,1.27610765854157e-44
"p0440",545.799132649619,1.57907845558239,0.15170775129439,10.4086867158038,2.26322191494553e-25,1.24396375967899e-24
"p0441",1491.43063980062,4.24452788388592,0.11707660564107,36.254278646399,8.50826939718578e-288,5.69314200098648e-286
"p0443",4062.28868374957,2.27494362993408,0.0856502772994656,26.560843720097,1.92483051475591e-155,7.0531289576413e-154
"p0445",536.162584966182,1.84881096444131,0.16074372412782,11.5016058914448,1.29483620296414e-30,8.3378783111373e-30
"p0448",657.127391195734,-2.14617630342894,0.166269861827373,-12.9077890595541,4.06814671820494e-38,3.17811055802914e-37
"p0449",661.211584152635,1.37760927010453,0.149383211235405,9.22198189951634,2.91658700801088e-20,1.41597079032452e-19
"p0453",422.61058814266,1.31852129179808,0.165628965758812,7.96069265878347,1.71078848988788e-15,7.15462903787348e-15
"p0455",755.659195910158,1.87932132174621,0.13737051145725,13.680674999387,1.32457365763107e-42,1.12006530719462e-41
"p0456",323.331065943897,1.15120969210371,0.184966591910148,6.22387902709988,4.85011104749389e-10,1.53903523754497e-09
"p0457",177.837359877715,1.22674445204898,0.241525341631947,5.07915419458707,3.79118919394179e-07,1.0042409930252e-06
"p0462",2554.93700098419,-4.0409758947208,0.119555516766005,-33.7999952158613,1.97251529198329e-250,1.16757732090857e-248
"p0465",806.072202476435,-2.41776938680627,0.153358749286696,-15.7654479972732,5.37895549463196e-56,5.41059640930626e-55
"p0469",2323.90878567013,-2.16754808589258,0.107213801343557,-20.2170621573884,6.92883884766341e-91,1.25452741018282e-89
"p0478",305.348499821843,-1.30243000097853,0.201409221260048,-6.46658575426848,1.00241951428507e-10,3.25469120777369e-10
"p0480",369.112553775895,1.13665372027707,0.174824163782683,6.50169688035801,7.94190065265228e-11,2.58953074246438e-10
"p0482",478.385107205327,1.32750061472347,0.155911351824601,8.51445772990859,1.67371660398939e-17,7.48793562075486e-17
"p0483",620.735235173577,2.891060351362,0.145421748184206,19.880522600374,6.00055868370122e-88,1.03762469822654e-86
"p0484",1622.3852440121,-1.82443593268566,0.10825903460368,-16.8525050991323,1.00563135654122e-63,1.15497511769921e-62
"p0487",199.924822106832,1.66437717871504,0.236507326513982,7.03731763090494,1.95975776727314e-12,7.0633892361437e-12
"p0489",433.1339975806,1.37956616502803,0.175042530760622,7.88131980858207,3.23941012496271e-15,1.33658235450874e-14
"p0491",2241.04299714582,-3.50645939162199,0.113798325427949,-30.8129260991814,1.75894784593067e-208,8.45943979652279e-207
"p0492",747.889941687781,1.62118962544035,0.132433049882839,12.2415788723025,1.86371473815057e-34,1.34030700094099e-33
"p0493",3657.31101012351,3.89632681918988,0.0857980976657593,45.4127413683304,0,0
"p0496",743.683527272829,-1.57193270317087,0.143340619493285,-10.9664148845437,5.54267439219653e-28,3.29350420447508e-27
"p0498",556.425272944142,-1.15414300291665,0.161499977454707,-7.14639730052178,8.90849818240367e-13,3.2643282625522e-12
"p0503",356.093717186413,1.16157666060818,0.186586575214747,6.22540319029543,4.8031916914045e-10,1.52729587046932e-09
"p0504",848.692603334401,3.93677022376808,0.148461990755939,26.517024348945,6.1681798846413e-155,2.20763461452627e-153
"p0510",1570.1472324953,-1.32451932082765,0.105413259989465,-12.565016212951,3.2880762783098e-36,2.45648028753339e-35
"p0511",1318.84115131853,-1.00966262794103,0.122385934859451,-8.24982567727685,1.58625744646213e-16,6.85744441040794e-16
"p0512",8609.99118312734,4.33807996618028,0.0820216275808009,52.8894645733135,0,0
"p0516",322.925455178895,2.05747248966783,0.186523362286618,11.0306422983425,2.71916055199993e-28,1.62832221382408e-27
"p0518",1312.54830604013,2.89215034339346,0.113742890672139,25.4270867067202,1.26562602153538e-142,4.05791343154781e-141
"p0519",479.932041592546,-1.84572841900709,0.175964926318177,-10.4891835982682,9.68616911556245e-26,5.38159359886304e-25
"p0521",719.051972049972,-1.36838216344157,0.144569942390441,-9.46519131719631,2.93024153504914e-21,1.4500455699166e-20
"p0526",455.332086199998,-1.5498569003666,0.174604955954208,-8.87636259748012,6.90823816875511e-19,3.23154362970034e-18
"p0528",7930.42155783153,4.12473862637252,0.0852796971170707,48.3671819414431,0,0
"p0529",752.945995249573,3.4974195633746,0.152043381612371,23.002774118055,4.37261000508205e-117,1.01961315118504e-115
"p0533",687.790139104132,-1.42806657428269,0.14234307455705,-10.0325679962064,1.09627620491477e-23,5.7978318878482e-23
"p0536",250.120858611663,-1.01445172372139,0.220574515274201,-4.59913386848115,4.24251106704181e-06,1.02984614072198e-05
"p0537",382.36281407727,1.64971509676561,0.180222909856477,9.15374797843058,5.49917651928064e-20,2.65305099159025e-19
"p0540",296.58898099464,1.04352357698485,0.213423662452927,4.88944648869481,1.01119905442544e-06,2.57228982605084e-06
"p0547",1853.73453707457,-1.15817674581184,0.10726149742504,-10.7976932414283,3.52959626328458e-27,2.05759418530112e-26
"p0548",1110.93387889749,2.07384737215826,0.133272083260865,15.5610036356897,1.3398137475562e-54,1.33030539192839e-53
"p0549",389.094323152501,1.71727275833677,0.173305354239046,9.9089423167393,3.80654433056728e-23,1.98585482194679e-22
"p0550",4929.91016931686,5.53901347931364,0.0900573010049814,61.5054350674717,0,0
"p0553",582.165785947996,1.08416807313116,0.147733499646787,7.33867454384599,2.15719455346433e-13,8.11716972562738e-13
"p0554",272.392335984444,-1.18013066857707,0.217361008042573,-5.42935772705803,5.65572186412339e-08,1.58257380888835e-07
"p0555",227.561640025646,1.7188799947639,0.230819886236643,7.44684534244007,9.5598576584751e-14,3.65985595432666e-13
"p0558",283.597466247885,1.3436585207616,0.194673697963462,6.90210611303942,5.12371375192474e-12,1.77999897612013e-11
"p0562",961.01071307116,-1.24328265591226,0.124951992550385,-9.9500826720384,2.51973801978031e-23,1.31900571851765e-22
"p0563",612.319703274133,-1.42884033982357,0.159681978643274,-8.94803754289372,3.61857980007517e-19,1.71353671148175e-18
"p0564",2286.97441956578,3.81942995808584,0.102317242972844,37.3292892489251,5.49725840149559e-305,4.02870508566748e-303
"p0565",415.601361667924,1.11800742670097,0.181707078534046,6.15280062681482,7.61264823044363e-10,2.38127350135218e-09
"p0567",268.085286936454,-1.7448256035052,0.220815557888187,-7.90173310337451,2.75051881266669e-15,1.1379162507242e-14
"p0568",257.820051389621,1.11623937006606,0.203498971338487,5.48523347673036,4.12923682358912e-08,1.16817931461464e-07
"p0569",2891.94979289244,-2.06481340928785,0.092950906357458,-22.2140212527597,2.51399637257927e-109,5.527200596285e-108
"p0574",310.821163840757,1.33640549095077,0.189878223512945,7.03822411135871,1.94705352218834e-12,7.03407364001846e-12
"p0578",1215.54658153316,-4.09342966836402,0.161347171990113,-25.3703217594348,5.3631477245304e-142,1.68446619348006e-140
"p0582",1252.64750995376,2.3005552894273,0.109457555966459,21.0177841914565,4.51002000147997e-98,8.89861638753547e-97
"p0589",812.001788460102,-1.79782014629652,0.143674246691309,-12.5131691148464,6.32494973356422e-36,4.65746298562456e-35
"p0591",731.814302412505,-1.02770660603679,0.146945635790074,-6.9937878761161,2.67562011605394e-12,9.55401243296291e-12
"p0598",1067.91838757056,3.90864235399171,0.141406136221362,27.641249937506,3.5556625513571e-168,1.4031191452663e-166
"p0603",557.066449069044,2.27393215983508,0.151335349436445,15.0257832575333,4.97695535888393e-51,4.67044774226974e-50
"p0604",344.290652624423,2.25222863169188,0.203890310692261,11.046275931627,2.28498177668362e-28,1.37366677902972e-27
"p0614",293.820449536393,2.34665481010081,0.204811531857867,11.457630284848,2.15325808544229e-30,1.37504738319323e-29
"p0618",639.426162989783,1.07702127734949,0.135676463203332,7.93815855691497,2.05204915073039e-15,8.55854645792431e-15
"p0620",518.949030625382,-1.10041691931133,0.182840389908663,-6.01845642454077,1.76088100802936e-09,5.44175877782566e-09
"p0624",410.540507743319,1.2340497382175,0.179705500505109,6.86706714457198,6.55352293581524e-12,2.27159274734677e-11
"p0629",367.919161729768,-1.50034183550418,0.193657977459535,-7.74737945312724,9.38083166206861e-15,3.78926507294583e-14
"p0632",398.148868135085,1.30890957182307,0.173369899640283,7.54980867231775,4.3589811817428e-14,1.71134490783219e-13
"p0633",228.537694610203,1.08328391750413,0.213848981891893,5.06564916943006,4.0701090971567e-07,1.07258525693907e-06
"p0634",701.432193226207,-1.19401838161205,0.139096206423986,-8.58411895125667,9.15352216826099e-18,4.15553705514857e-17
"p0637",1740.61136084336,1.70847230422029,0.0970369796088516,17.6064043945618,2.19982793128279e-69,2.70842814899537e-68
"p0638",677.042426499927,1.74775345272784,0.147285619621225,11.8664229218205,1.76869598702983e-32,1.18865638604319e-31
"p0639",3724.47350012498,5.93342350778458,0.109088867461407,54.3907334071801,0,0
"p0640",569.317497185473,2.35461414395452,0.146015049192897,16.1258319397194,1.67981635341978e-58,1.79530372771739e-57
"p0643",257.73154027661,1.57517536580235,0.210869574678033,7.46990346145198,8.02536762791526e-14,3.0877601948404e-13
"p0644",230.703711663331,1.04347741107198,0.217006403313381,4.8085097727051,1.5205959646451e-06,3.79902141167014e-06
"p0651",790.530215822732,1.25130926194839,0.128944321860382,9.70426028765564,2.89166133827075e-22,1.47849395335504e-21
"p0656",1105.23981582629,-3.65370765437323,0.153050352308579,-23.8725857161482,5.90192256668408e-126,1.51384313835447e-124
"p0657",262.639543848091,1.2991695722572,0.232879228945837,5.5787266994059,2.42285563166877e-08,6.99582517286725e-08
"p0662",769.650831505404,1.36348393855233,0.12841218264065,10.6180263469855,2.45700951793635e-26,1.38510536560588e-25
"p0665",716.459026445371,2.60286888160691,0.138117866630022,18.8452728464106,3.21304265397373e-79,4.66497419289204e-78
"p0666",2056.29868433404,1.51747352460649,0.0923672864050229,16.4286901095318,1.19206169279215e-60,1.3294079313095e-59
"p0670",381.64125946303,1.17730665723898,0.191432299418747,6.14998963504949,7.74880106527237e-10,2.41894621489943e-09
"p0672",297.197383458371,-1.50282014089206,0.230994850014932,-6.50585993927965,7.72501770135416e-11,2.52416183490107e-10
"p0673",340.295582216558,-1.35072632739129,0.203347870418515,-6.6424414704286,3.08529197696401e-11,1.02333283460078e-10
"p0677",694.862100134525,-1.64987116651133,0.154961124918643,-10.647000448516,1.80074163941431e-26,1.02642273446615e-25
"p0679",166.618795305531,1.06275246986781,0.254832646802715,4.17039371996384,3.04073840435834e-05,6.81178515910841e-05
"p0680",334.545586312139,-1.00914488182513,0.190563074312295,-5.29559509609582,1.18629437752445e-07,3.24281891120804e-07
"p0684",355.3659135335,2.03287359909337,0.181682132381684,11.1891773420109,4.60687947167212e-29,2.84738454092505e-28
"p0685",5254.79199050096,4.19933701700188,0.0878252718581346,47.8146771214682,0,0
"p0689",208.287514508093,-1.15489415013843,0.24689722160996,-4.67763121272743,2.90207872165506e-06,7.1232841349715e-06
"p0693",1341.01239150864,-1.61228052824768,0.116489829449196,-13.8405261289428,1.45140356357907e-43,1.24788272868614e-42
"p0696",852.653670775762,1.17671064092843,0.131415378766508,8.95413194386597,3.42419119147878e-19,1.62649081595242e-18
"p0697",2228.51787399145,-1.19438152767245,0.09704011565722,-12.308121435999,8.19074928387218e-35,5.97420054401862e-34
"p0701",281.953923817736,-1.66077815680916,0.22884637653708,-7.25717479970704,3.95258786035632e-13,1.46933157417594e-12
"p0702",235.325714434034,1.42197801636765,0.212102646512971,6.70419742396138,2.02516312235232e-11,6.79025282200483e-11
"p0704",881.345286666656,-1.53854458767661,0.132938540555899,-11.5733524773403,5.62412890450113e-31,3.66759931526578e-30
"p0707",218.446755195887,1.20167383156166,0.220068117384684,5.46046308680465,4.74894225880467e-08,1.33612836129806e-07
"p0710",208.104093039283,-1.37208148729228,0.243671155596913,-5.6308736416961,1.79299055771847e-08,5.23544431960156e-08
"p0714",993.060928825047,1.34380008589745,0.12058746827167,11.1437789113378,7.67903717138178e-29,4.70838175567991e-28
"p0716",2132.32143518794,4.88639577210663,0.112034849259934,43.6149627047708,0,0
"p0724",451.124416989711,-2.14392794775878,0.185002786951694,-11.5886251395693,4.70626097373148e-31,3.0952716404157e-30
"p0727",2400.70452975794,5.22322070811742,0.106949839017199,48.8380417971217,0,0
"p0730",779.535328980123,2.83522716369107,0.134196484022439,21.1274325429942,4.4510041248578e-99,8.89622772487813e-98
"p0732",365.766529703952,-1.52540121094598,0.190267278113332,-8.01714948608963,1.08227377735403e-15,4.58848303952578e-15
"p0735",1292.12587034433,2.28791657220821,0.106693886068505,21.4437458088199,5.22353797641389e-102,1.07186999276013e-100
"p0740",1147.03943384666,1.79590880280354,0.10925893767381,16.4371797954431,1.03630447731197e-60,1.16414057706798e-59
"p0741",263.168374544282,-1.01252579677293,0.215616952766876,-4.69594706622009,2.6537426338752e-06,6.54504793835567e-06
"p0742",678.494294062145,-1.45083548505878,0.152848936486283,-9.49195668881207,2.26737583739698e-21,1.13295175771232e-20
"p0745",3653.27477062471,-1.10627524998068,0.0882495746366669,-12.5357573057473,4.75794517898952e-36,3.53742880698786e-35
"p0750",920.37377733578,-2.7659371083407,0.146650125562631,-18.8607892269376,2.39616394210261e-79,3.51209172085325e-78
"p0755",194.20911737714,-1.11663153948878,0.257292299104084,-4.33993377717483,1.42525660930832e-05,3.31339867330136e-05
"p0757",584.332783931563,1.08509161478902,0.143290138373814,7.57268872166376,3.65577561289347e-14,1.43893572077827e-13
"p0758",485.394117708864,1.80684670602904,0.165157989134183,10.940110832671,7.41092559086025e-28,4.38669787858997e-27
"p0759",334.118455801902,1.42503779150342,0.185023176563654,7.7019420916339,1.34013621031181e-14,5.37101465539032e-14
"p0765",191.263956974623,1.63054469436207,0.235052477465552,6.936938984619,4.00686777922111e-12,1.40789258269892e-11
"p0766",296.28334508397,2.16850109691507,0.192690136579868,11.2538251070067,2.21761598969419e-29,1.37617379360458e-28
"p0767",1322.07047398887,3.15582903304856,0.123345046369959,25.5853731132665,2.2194528622601e-144,7.42551729351803e-143
"p0768",624.841139674274,-1.34565906960241,0.151959043167009,-8.85540630920845,8.3379528916745e-19,3.87677024177857e-18
"p0773",751.974511987118,1.31588257115621,0.13185436175692,9.97981829059325,1.8680857200508e-23,9.84583535328142e-23
"p0777",475.973022813148,1.42404817233778,0.154307269808956,9.22865250678637,2.74057739897767e-20,1.33473057500843e-19
"p0778",1008.02997086622,-1.29603656062329,0.121503081999903,-10.6666970029971,1.4571439900589e-26,8.33659702862696e-26
"p0783",306.976558535183,-1.76346405963844,0.209796566760568,-8.4055906484447,4.25713586363994e-17,1.88268163624766e-16
"p0785",279.58725285479,-1.61380449106275,0.215271199564046,-7.49661122496147,6.54888483626962e-14,2.53872386977807e-13
"p0792",332.358349641471,-1.27777826916841,0.193051238837362,-6.61885557877659,3.61990284445091e-11,1.19550010249141e-10
"p0794",270.201455454919,-1.66937301107537,0.219377096787587,-7.60960481071434,2.74935277671567e-14,1.09052936169212e-13
"p0799",265.2611050387,2.17055348496243,0.224501215121452,9.66833735749801,4.11000778892127e-22,2.0875584116006e-21
"p0800",573.369365824881,-1.27853087032084,0.155931903083023,-8.1992898505196,2.41811242157188e-16,1.03951816111707e-15
"p0804",629.380529743926,2.31381873436597,0.142217134093545,16.2696200363877,1.62160870001609e-59,1.78261127808911e-58
"p0805",585.336199067046,2.3978292211027,0.153210299515746,15.6505745937548,3.29233422024609e-55,3.29019634088229e-54
"p0806",172.750790986545,1.19281567276238,0.26362053961063,4.52474482650018,6.04684180209642e-06,1.45407648959787e-05
"p0809",159.22548666717,1.09066501652489,0.266098360014544,4.09872881766456,4.15425418532338e-05,9.17273628581445e-05
"p0810",3148.93642864267,2.5940640084493,0.0901628705135336,28.7708675830139,4.96650836630319e-182,2.01143588835279e-180
"p0814",493.415075750964,1.143351178943,0.164839160553277,6.93616234822708,4.02894575126267e-12,1.41242540118297e-11
"p0815",224.176066658784,1.78803242381284,0.23605722163612,7.57457201020981,3.60313492821843e-14,1.42185247552004e-13
"p0817",366.399281248222,-1.05915404218896,0.186625689022,-5.67528536794365,1.3845764558053e-08,4.08211334383976e-08
"p0820",556.649817883404,2.14871958352067,0.147567501909622,14.5609267332902,4.97783766849892e-48,4.45400707663944e-47
"p0821",514.691301069171,1.10709336573747,0.148818104828602,7.43923843817624,1.01267396212925e-13,3.86725862957051e-13
"p0822",563.01118935686,1.04560191425297,0.142808655536552,7.32169846655651,2.44851853661766e-13,9.1909025069624e-13
"p0823",383.560551985411,1.29771041844769,0.190297869316283,6.81936389046393,9.14445046865286e-12,3.14839133585162e-11
"p0824",191.24591634585,1.12991224170273,0.250417587587968,4.51211215867896,6.41852297607087e-06,1.54104631203948e-05
"p0827",449.480065324671,-1.84591179318679,0.179311269705106,-10.2944549788898,7.46410614043946e-25,4.0734962234526e-24
"p0833",172.210544461953,1.16972995881435,0.242322820596443,4.82715559325047,1.38496915350507e-06,3.47710852731533e-06
"p0838",5539.26559739746,-1.60852811208748,0.0807157007910169,-19.9283174936703,2.3120479653507e-88,4.04345661213037e-87
"p0839",4048.97503281377,1.26713588072286,0.0797243443005637,15.8939642820481,6.97720985608019e-57,7.15861731233828e-56
"p0841",312.438784824833,-1.76492055791883,0.206185574630014,-8.55986438957167,1.13000360244797e-17,5.07019109086714e-17
"p0849",187.513027160698,-1.26698788433245,0.252216637784957,-5.02341120498443,5.07616992198418e-07,1.32860978060096e-06
"p0853",1306.48941587301,-1.7597658058046,0.118946872302113,-14.7945529945081,1.58836039159775e-49,1.45505157301722e-48
"p0857",1040.7067094685,-1.41863517881121,0.124036335709655,-11.437254822909,2.72367683425289e-30,1.72499532836016e-29
"p0858",701.312426389798,-2.2719096851853,0.157052972086494,-14.4658815112018,1.99038537550248e-47,1.76046154764271e-46
"p0860",1967.28554753122,-2.84747614282329,0.11725760345276,-24.2839360431793,2.89791692699469e-130,8.25906324193485e-129
"p0864",197.322586590824,1.07458181099007,0.236934223911555,4.53535919484218,5.75055324896968e-06,1.38716323670287e-05
"p0871",764.947297904043,1.69487568973727,0.156310891084441,10.8429788735686,2.15342826334311e-27,1.26493362491795e-26
"p0872",604.202914842127,-1.69546528287555,0.167628550462789,-10.1144183266795,4.76841011236188e-24,2.55699761774388e-23
"p0873",563.841051855345,3.08767916239501,0.165509409289085,18.6556110353941,1.13695012430206e-77,1.60529012963383e-76
"p0875",1354.07645164902,1.07898943277258,0.115324413102925,9.35612333712548,8.27160126481613e-21,4.0541383269274e-20
"p0876",456.566937486381,-1.49196388108479,0.192090315011122,-7.76699169345632,8.03721121805021e-15,3.28097296142686e-14
"p0881",427.817335423193,-1.57154177408555,0.177785832722044,-8.83952196878672,9.61290078889013e-19,4.45610069701865e-18
"p0884",3169.71025841808,1.09052394075377,0.0833639963328581,13.081473882316,4.20212399531608e-39,3.2995249126487e-38
"p0887",1181.40232477169,1.06730961121458,0.119789344658966,8.90988772209381,5.10842702057409e-19,2.39691133678766e-18
"p0890",413.654759874649,-1.46712779344362,0.189283582363188,-7.75095111328021,9.12067977223997e-15,3.70362168060087e-14
"p0892",332.403132510374,-1.13494753010832,0.192031570318454,-5.91021324371916,3.41665140576042e-09,1.03917520028958e-08
"p0899",971.679041308881,-2.56290863151567,0.146365264904123,-17.5103610354173,1.19434168459077e-68,1.44731641935842e-67
"p0900",4211.61828203353,-1.79649816434243,0.0894337442865538,-20.0874756913485,9.49692029946635e-90,1.67997245297456e-88
"p0907",403.891076196297,-1.62952230242952,0.18781071484743,-8.67640754018367,4.08466537695751e-18,1.87092262355286e-17
"p0915",294.006564884031,1.01104209350085,0.439281407169511,2.30158180382696,0.0213587672671994,0.0323799868652387
"p0919",421.110993060779,2.12387254808179,0.174026907543532,12.2042767872004,2.94917250812203e-34,2.11105883255805e-33
"p0921",231.588907846556,1.22933062226181,0.218933847819866,5.61507795392733,1.9647364880128e-08,5.71593469764026e-08
"p0922",2621.5768393911,5.47324877419894,0.107728690884104,50.8058598807922,0,0
"p0923",588.577207366387,1.11189005653666,0.141412685075825,7.86273208758088,3.75844315143554e-15,1.54658930750249e-14
"p0924",251.879404462988,-1.58994442561471,0.236528851091831,-6.72198938216387,1.79260019183442e-11,6.02360632146982e-11
"p0925",568.776860185064,-2.27525551914812,0.172348628819118,-13.201471544842,8.60377214086013e-40,6.7903617050173e-39
"p0926",461.049124669454,1.57533273455559,0.185237462347275,8.50439600388299,1.82543442545437e-17,8.1430248718095e-17
"p0927",339.465286482886,1.95712318454406,0.1839945788027,10.6368524403249,2.00798233518979e-26,1.13613412274157e-25
"p0931",340.333885521057,2.02012659139744,0.189287173598617,10.6722846191423,1.3721055395147e-26,7.87936725863107e-26
"p0937",575.667990296622,1.4929255945064,0.147690010383023,10.1085076142565,5.06499186881174e-24,2.70660502989627e-23
"p0939",490.321842085288,-1.31843797872646,0.182060515665797,-7.24175680764673,4.42909531127101e-13,1.63855232789569e-12
"p0940",355.03299268372,-1.48251504908319,0.191218139219275,-7.75300426589314,8.97436023470381e-15,3.65384666698655e-14
"p0942",887.067290041885,2.3437753837382,0.131551675137066,17.816385700115,5.27356199139492e-71,6.76334325396398e-70
"p0943",312.223003494746,2.33592047458612,0.190648454170687,12.2525015203888,1.62892650320053e-34,1.1769567551294e-33
"p0944",763.672656221512,3.16506147544327,0.135500509947829,23.3582993647914,1.13492702923034e-120,2.77246459997698e-119
"p0946",3021.42291853714,3.99564156609585,0.0888985790623459,44.9460678476497,0,0
"p0949",1209.71118396148,-3.46780094798368,0.145210406199045,-23.8812151191854,4.8012418553043e-126,1.26761629605087e-124
"p0952",489.782281888258,-2.67166581764182,0.198322575011779,-13.4713146876151,2.30720937200562e-41,1.87872763149029e-40
"p0955",905.667426672103,-2.69572595243933,0.145031342140912,-18.5871957926182,4.07956476196492e-77,5.60575907916429e-76
"p0959",185.312360148576,1.39014988088489,0.240375902674213,5.78323311704415,7.32784038736295e-09,2.1898148264372e-08
"p0960",306.417713567545,-1.7115498805325,0.226823305594473,-7.54574084019609,4.49723577463367e-14,1.76113126136418e-13
"p0962",1274.91586173383,-1.79328194038362,0.117143984343282,-15.3083570653405,6.72410652067584e-53,6.46774995957507e-52
"p0966",666.451794505301,-2.04165933143193,0.152119828855358,-13.421388564493,4.53142267887774e-41,3.63221849103794e-40
"p0968",2746.44956332894,-2.23543802877195,0.0936085244524953,-23.8807100298478,4.85960763268366e-126,1.26761629605087e-124
"p0971",870.071934240082,3.41127704981261,0.131302678826044,25.9802547846874,8.27927376533781e-149,2.83151162774553e-147
"p0972",219.191017054212,-1.1918694706706,0.24946941479703,-4.77761761553138,1.77384296629916e-06,4.41024931362586e-06
"p0973",1562.96737471249,-2.12646961354985,0.109972640301539,-19.3363513662961,2.65617089020659e-83,4.25817395836244e-82
"p0974",170.456917380434,-1.06652311065542,0.259292734731341,-4.11320090306606,3.90210512155273e-05,8.65322735168538e-05
"p0975",510.478880658728,-2.06185302385691,0.180019944330957,-11.4534699558972,2.25917290903627e-30,1.43672194504414e-29
"p0978",607.195970981691,-1.53618871246088,0.153940364840113,-9.97911570533443,1.88135960426573e-23,9.88195368930017e-23
"p0979",769.493197727899,1.88006320692681,0.149059053437919,12.6128749885684,1.79329736227928e-36,1.3595490840137e-35
"p0981",806.956924674582,2.4721373529211,0.132593923157945,18.6444242243011,1.40155172781804e-77,1.96089828101088e-76
"p0986",771.133865535792,-1.5639175981782,0.141508784008925,-11.0517351211184,2.15018337048059e-28,1.29769890477241e-27
"p0987",201.02448152239,1.00835658842996,0.232421853831392,4.33847580082322,1.43474278932814e-05,3.33042104491102e-05
"p0990",1019.52495911048,-1.37042444717272,0.121248053910041,-11.3026510775134,1.27315507847934e-29,7.9649823812183e-29
"p0993",1034.28872916908,-1.2204558373995,0.125543054368228,-9.72141265433776,2.443674157017e-22,1.25360484254972e-21
"p0995",223.183303942267,-1.0006166971643,0.24424862082791,-4.09671380650005,4.19056448883171e-05,9.23965436720918e-05
"p0996",210.123227399609,1.3239666461769,0.224572123824526,5.89550752617633,3.73531482216675e-09,1.13162391955012e-08
"p0998",389.035494230126,1.29153014197265,0.175730704363756,7.34948480772736,1.98972266664146e-13,7.52379160678428e-13
"p0999",1548.26264218679,-1.12331033604159,0.11155841665781,-10.0692567149567,7.55468427634111e-24,4.02306543297196e-23
"p1000",2163.57549798024,-1.14828245969969,0.0967705307229145,-11.8660345367702,1.77692348816723e-32,1.18899358621277e-31
"p1002",2151.20332402156,-1.34848757447776,0.107288628410945,-12.5687837979686,3.13509567297406e-36,2.35361572717419e-35
"p1004",213.078583714386,1.10519378517785,0.227013219613798,4.86841157117654,1.12498842739417e-06,2.84295105050843e-06
"p1007",761.826079448389,-2.00395171521285,0.143690200408976,-13.9463353068555,3.31190915754297e-44,2.86349898508912e-43
"p1017",928.870287965899,-1.08298514372079,0.128950040216585,-8.39848628121251,4.52270789176172e-17,1.99439754883132e-16
"p1023",193.605150636247,-1.08283914645212,0.25309006037571,-4.27847361861883,1.88179287764925e-05,4.30323809613996e-05
"p1025",349.180823479559,-2.14726261835862,0.224484066833143,-9.56532304786989,1.11851609023563e-21,5.60715395072518e-21
"p1027",177.023755726023,-1.3005775240781,0.261775381593152,-4.96829578153167,6.75438824417396e-07,1.7559127546932e-06
"p1030",178.464551077128,1.52882640106926,0.240187675309594,6.36513259516192,1.95121100229908e-10,6.30864229524849e-10
"p1040",544.049340542788,2.42313963987148,0.150115975817866,16.1417838885546,1.29736790351014e-58,1.3962581842672e-57
"p1041",1013.9082618035,-3.02318074850908,0.154988729023939,-19.5058103098719,9.79919276416059e-85,1.62160835097238e-83
"p1043",242.759550299167,1.48623122271694,0.212774040726966,6.98502137591161,2.84812613625776e-12,1.01464493604183e-11
"p1046",551.648249032494,-2.27733654807955,0.17651628931957,-12.9015659509849,4.41042635888111e-38,3.42810412440304e-37
"p1051",179.404982235392,1.50078285091943,0.242050256607417,6.20029440147861,5.63576385489807e-10,1.77370972856608e-09
"p1052",343.370012932873,-1.64050992690852,0.2069153781037,-7.928409874332,2.21969659437073e-15,9.23273799658528e-15
"p1053",362.499616338057,1.28089752049786,0.179488840775202,7.13636299039949,9.58327341767114e-13,3.49494260421703e-12
"p1054",438.037687753625,1.31833940871688,0.16433745639979,8.02214807018622,1.03911773728523e-15,4.41768562895571e-15
"p1067",4521.75345136806,-2.89873955280883,0.0998630245306032,-29.0271556107386,2.98964394432489e-185,1.24353027846378e-183
"p1068",2028.90085778842,1.8671869369862,0.0915936384230923,20.3855526337018,2.24665095829505e-92,4.11618550573343e-91
"p1069",2532.83136559848,5.00636396073554,0.107331476263502,46.643949519941,0,0
"p1079",359.112878396657,1.31684024638797,0.178439842723512,7.37974337059008,1.58594928640847e-13,6.01176342803604e-13
"p1080",7271.98487544119,-2.42252929712238,0.076272306884009,-31.7615841986587,2.19713105957355e-221,1.09076925828506e-219
"p1081",284.821589263696,-1.50429698781464,0.213020241581523,-7.06175608780795,1.64411400056755e-12,5.96766850677702e-12
"p1084",154.925102093281,-1.22359451196279,0.286232293725222,-4.27483040448756,1.91282844111224e-05,4.36771954135273e-05
"p1086",774.991215636317,-2.33221051675853,0.150897600640466,-15.4555838320806,6.91818995227315e-54,6.78158874939387e-53
"p1088",5203.88255338116,-1.24168738810832,0.0756895242630679,-16.4050098107723,1.76098297718451e-60,1.94975021718487e-59
"p1089",964.509893442974,-1.31459782827116,0.126512345039583,-10.3910636377805,2.72299344326292e-25,1.49134765451304e-24
"p1099",534.799128899763,2.94568890087783,0.159921834771952,18.4195541845701,9.15544421581448e-76,1.24692288921579e-74
"p1100",942.073629290724,2.21069636681035,0.136402816576806,16.2071167025026,4.49152057993763e-59,4.86792265670705e-58
"p1103",2265.85758031181,-2.74649537770107,0.104197086331104,-26.3586581391883,4.08396144074082e-153,1.42845833120457e-151
"p1106",702.223125981713,-1.57954130864157,0.147710067311064,-10.6935250751406,1.09142242439874e-26,6.29100790692757e-26
"p1112",297.061736256245,1.44099884134909,0.192699218225134,7.47796931726802,7.54798138342748e-14,2.91136424789346e-13
"p1114",238.736759046137,1.02797229676323,0.209290169463833,4.91170846388404,9.02862276299845e-07,2.31198842466799e-06
"p1116",288.485768405709,-1.00063381011198,0.21614601289068,-4.62943450461921,3.66665673021218e-06,8.94292346718944e-06
"p1118",937.471914819945,-3.54496499710097,0.161187710098539,-21.9927747278861,3.3769488989704e-107,7.31989345847245e-106
"p1125",200.256545351921,1.37817911115166,0.24417063177334,5.64432790766994,1.6582775652786e-08,4.86112223421671e-08
"p1129",213.897540191543,1.05029104442517,0.236886235442756,4.43373606094971,9.2613997731852e-06,2.19619325900339e-05
"p1132",1081.82878918278,-1.33469326917326,0.120711595341825,-11.0568770580303,2.03044452985293e-28,1.23025753206443e-27
"p1135",1677.57761143263,-2.09411788208533,0.11083173368983,-18.894569383403,1.26414830841717e-79,1.87069639101348e-78
"p1137",1411.08386186242,2.2627818741026,0.117314781853561,19.2881224203029,6.75834820673995e-83,1.06133651940539e-81
"p1141",10277.6706232756,-1.03994429738528,0.0674903555966655,-15.408783791275,1.42875521454485e-53,1.39167992100286e-52
"p1145",10514.6586706479,-1.1818390396966,0.0690482429337047,-17.1161348860291,1.12501529688946e-65,1.33184503224068e-64
"p1149",618.887495897478,-1.06154853007118,0.152787875847151,-6.94785842256984,3.708729069012e-12,1.30911331128658e-11
"p1151",1335.88549938888,1.05614965650912,0.1262219187524,8.36740295939314,5.89019957533248e-17,2.57528896205588e-16
"p1156",1174.85897748895,1.32292460666538,0.114448831361122,11.5590923116649,6.6407005211943e-31,4.31225236376288e-30
"p1163",1325.90948805227,-2.16943378162459,0.12804661885363,-16.9425307832959,2.18518165623638e-64,2.52856734507352e-63
"p1168",189.617948406303,1.32574834172557,0.237823005694267,5.57451680444188,2.48217846231092e-08,7.1403227168159e-08
"p1173",2332.45103521203,1.54392177528216,0.0870642331527404,17.7331347141551,2.32691122651322e-70,2.91147672975923e-69
"p1175",169.67025768511,1.12584327858894,0.247136247868694,4.55555705930728,5.22469301366261e-06,1.26626811779949e-05
"p1176",374.143842798096,2.14359619753592,0.175711595356674,12.1995147399616,3.12681784887512e-34,2.21759109189807e-33
"p1178",404.265591584618,-2.47354599094272,0.198417087739641,-12.4663960101484,1.13860208881988e-35,8.34432673663711e-35
"p1184",5990.12332929822,1.26588024478255,0.0745912847247596,16.9708867390288,1.34879885362904e-64,1.57257684525386e-63
"p1185",316.956593542603,-1.15995545158391,0.200749967088171,-5.7781102951536,7.55442822661606e-09,2.25315213968258e-08
"p1191",622.048893634066,-1.32504545290378,0.152121355805182,-8.71044992920476,3.02670998551628e-18,1.39047960230136e-17
"p1193",1075.83277401497,-1.1290018048191,0.117554741471288,-9.60405161619833,7.68622385690176e-22,3.86571846920647e-21
"p1197",261.30924507434,-1.62616752494345,0.235441960776792,-6.90687216322123,4.95456023025029e-12,1.7251285507591e-11
"p1199",729.576366694344,-2.10504782883575,0.148365142372321,-14.1882910984115,1.08264956709477e-45,9.46703229408437e-45
"p1200",1666.78732671205,3.2458535090021,0.111331872910291,29.1547552749567,7.27142588167216e-187,3.10853456441485e-185
"p1212",198.988876188537,1.51572517267547,0.230257866596331,6.58272915961962,4.61890097245451e-11,1.52216029905942e-10
"p1220",239.93952658358,1.47492243081747,0.217980456019282,6.76630583196413,1.32112133248902e-11,4.47842671960486e-11
"p1224",5602.02614481711,-1.8985233241857,0.0759876382937586,-24.9846339064553,8.98116103834912e-138,2.65807823808063e-136
"p1225",568.379045228216,-2.60710500463243,0.188381987648703,-13.8394601159756,1.47308805542193e-43,1.25949028738575e-42
"p1227",275.579764916477,1.04117638179531,0.214522600887999,4.85345775916125,1.21327194049778e-06,3.0561700957282e-06
"p1234",232.994337939349,-1.26168074107447,0.23422229142561,-5.38668088931742,7.17706942037977e-08,1.99377433898276e-07
"p1235",447.765790124958,1.27461527496533,0.159043235780381,8.01426900497304,1.10793977043742e-15,4.68439369973402e-15
"p1240",302.731580649108,-1.67363771703528,0.209316342775758,-7.9957336099086,1.28804603611729e-15,5.43096671119044e-15
"p1243",379.64984031287,-1.32223876341757,0.18501036121081,-7.14683628940621,8.88006751886169e-13,3.26167635120003e-12
"p1248",203.229787953608,-1.35132571183756,0.253171699024014,-5.33758598234702,9.41922384020186e-08,2.58860455179833e-07
"p1249",2034.29418467432,-1.79228332222579,0.100370084789873,-17.8567481135238,2.5613392091778e-71,3.31252188481062e-70
"p1254",284.115425864941,-1.92545151987953,0.233792463987682,-8.23572961693483,1.78466593538812e-16,7.6935598727236e-16
"p1255",1962.96342147629,-3.00981132566573,0.111662554029464,-26.9545269837867,5.04823226765498e-160,1.89493401461488e-158
"p1259",1129.19330140009,-2.67152180665941,0.138552241529654,-19.2816931517318,7.65300191334007e-83,1.18969393380105e-81
"p1261",1153.03750113374,2.48328122013044,0.116890872299472,21.2444408299762,3.71094311640057e-100,7.51465981071116e-99
"p1263",302.686036261039,1.106922160014,0.192392648904971,5.75345350414479,8.74385054940222e-09,2.59282967158574e-08
"p1264",221.078369190125,1.47441873294126,0.216903317997984,6.79758496343041,1.06387409786731e-11,3.63038189937426e-11
"p1265",202.582903510817,1.18615748481523,0.228674274217094,5.18710505970225,2.13588250041012e-07,5.77701787017782e-07
"p1266",193.435070939486,1.02137092228377,0.229239084297755,4.45548334575061,8.37043939989597e-06,1.98797935747529e-05
"p1267",274.711566844888,1.83357519258648,0.21661592278177,8.46463717458904,2.56951336201532e-17,1.13961990321083e-16
"p1269",1275.89162203281,-1.70275809944761,0.114854706230618,-14.8253228390017,1.00495591537381e-49,9.3170310467488e-49
"p1270",263.692532070905,-1.56100225760784,0.248917406137627,-6.27116553168948,3.58355390645528e-10,1.14897697125722e-09
"p1276",390.057724496958,1.45173029668986,0.179448875984981,8.08993808805668,5.96950672359445e-16,2.54489497163763e-15
"p1282",729.3967557057,-1.17062762208016,0.136213689680224,-8.59405265967272,8.39545204622188e-18,3.8226629287383e-17
"p1284",171.270863867958,1.00398376837133,0.246133942415092,4.07901388374208,4.52271361688471e-05,9.92932418885244e-05
"p1290",201.883444439856,1.2518663347454,0.229190958339023,5.46211047686105,4.70507105102229e-08,1.32620958745848e-07
"p1291",484.067245694091,-1.21887396627842,0.170117107245066,-7.16491119568908,7.78369942174341e-13,2.86581660527826e-12
"p1293",583.637766335362,-1.54987451789548,0.154343592654414,-10.041715961386,9.99205903208191e-24,5.30268236219795e-23
"p1295",159.458867101335,1.24640631558913,0.252565920795703,4.93497425013778,8.01613350444587e-07,2.06647059687474e-06
"p1298",210.814242738897,1.51851073478873,0.277906646475207,5.46410369830505,4.65251518139631e-08,1.31380199342549e-07
"p1300",426.918235266144,-1.54469467117538,0.180032598032351,-8.58008320747449,9.48045370275195e-18,4.29129948486331e-17
"p1303",297.018713425457,-1.03190885474945,0.207332824726425,-4.97706456327431,6.45557937010652e-07,1.68107219130185e-06
"p1307",317.413890731919,-1.84338928967048,0.238397664966885,-7.73241336036801,1.05526637515751e-14,4.24035235343972e-14
"p1310",410.035663638131,-1.65956913495623,0.186077723901356,-8.91868784807366,4.71845255418411e-19,2.22070289935454e-18
"p1311",2191.13899748287,-3.45164735893722,0.113621368307222,-30.3785054727055,1.0563125083284e-202,4.92625742520427e-201
"p1319",210.402576838434,1.00526171789015,0.224180219291794,4.48416778726447,7.31990492560727e-06,1.7492754162282e-05
"p1325",4453.24720427392,4.19529812126231,0.0903543205826736,46.4316271121051,0,0
"p1333",2026.83992235072,-1.74254440979541,0.101124752874808,-17.2316308347639,1.537545883412e-66,1.83432799579153e-65
"p1335",1235.4597179666,-1.02561199883591,0.11213275085283,-9.14640897539369,5.88575352624662e-20,2.83067958652923e-19
"p1336",8145.31805289903,-2.2999728471066,0.0762219875352987,-30.174663787683,5.09348354096753e-200,2.30555034398501e-198
"p1338",1953.47341777804,-2.00184325247521,0.103641895768163,-19.3150003445822,4.01728964627443e-83,6.37382346970757e-82
"p1341",316.126832067475,2.12115735565457,0.188020309657466,11.2815331467057,1.61899512075682e-29,1.00875849831771e-28
"p1343",445.155468444001,-2.20250356680285,0.183924875262822,-11.9750173197375,4.80337290044823e-33,3.30017450615617e-32
"p1344",605.225951395581,1.05628058238728,0.14147001605818,7.46646258916713,8.23793800728834e-14,3.16164254194932e-13
"p1348",428.443331059111,1.2061224900376,0.16532880149938,7.29529567201343,2.98003911820661e-13,1.11588326105109e-12
"p1349",3381.88384249287,-4.8589814746147,0.125169870406694,-38.8190980691058,0,0
"p1350",375.981984230164,-1.06491151454086,0.190316780711635,-5.59546830583687,2.20027041961002e-08,6.37897644265132e-08
"p1352",223.336648325841,1.62580527379901,0.216500346274896,7.50948117068912,5.93621559263577e-14,2.30702924168345e-13
"p1356",445.95974126443,-2.18172529684904,0.185119769283296,-11.7854797750437,4.63771721153057e-32,3.08980380456517e-31
"p1358",838.168453561849,-1.38550635681238,0.136933118796164,-10.1181245924503,4.59128442174809e-24,2.47062472904556e-23
"p1360",8996.21776449632,7.0700513090351,0.102043635603027,69.2845885709051,0,0
"p1362",258.794252060811,1.36141746908919,0.226314906245546,6.01558903774585,1.79233753075966e-09,5.52787066100023e-09
"p1363",7045.85147866092,-1.24921734910878,0.0713238709963707,-17.5147160643082,1.10636564083602e-68,1.351346604164e-67
"p1367",422.385051859288,-1.41248056492894,0.181189023630545,-7.79561883289946,6.40935877573455e-15,2.62340509464241e-14
"p1369",372.855537810075,2.4633653843092,0.182367117260757,13.5077278256637,1.40800308552418e-41,1.15877900995814e-40
"p1378",641.25268427524,1.0464615283251,0.148358546241778,7.05359788724066,1.7434975415198e-12,6.31351227387993e-12
"p1384",9484.41276915426,-2.61757706482564,0.073471651669935,-35.6270344456782,5.34510805152392e-278,3.42755053803971e-276
"p1389",440.955497590041,1.36968818660445,0.159797781989767,8.57138421791213,1.02248485189891e-17,4.60118183354508e-17
"p1394",687.428173611197,-1.09432770713461,0.139379174651815,-7.85144344460617,4.11275965489846e-15,1.68787656237033e-14
"p1395",357.808726583515,1.93938780449863,0.176555636739452,10.9845703049439,4.5339097870848e-28,2.70452990787733e-27
"p1398",176.901317759636,1.17167880654086,0.26518376538726,4.41836552411044,9.94501270566823e-06,2.35105599908194e-05
"p1399",775.779334683564,1.76358240231862,0.152238698575638,11.5843239519182,4.94855312212412e-31,3.2407758531698e-30
"p1403",308.161775752675,-1.36061489161772,0.202243874636595,-6.72759505850333,1.72490148459482e-11,5.80880390545169e-11
"p1406",324.327839372271,1.10398804626113,0.18718691168498,5.89778439274135,3.68414933748477e-09,1.11832462137851e-08
"p1407",376.000140384271,2.50438491943284,0.183188281321169,13.6710978528267,1.51098175279034e-42,1.27071088390401e-41
"p1409",441.817736622167,-1.09028332222499,0.171432589462175,-6.35983698108663,2.01967981244714e-10,6.51632543261248e-10
"p1410",130.198221139933,1.44231122718694,0.320267034472431,4.50346452160719,6.68545329779757e-06,1.60263436531316e-05
"p1412",1516.37139964499,-2.08345428634146,0.114879772341356,-18.1359541708582,1.65796286060676e-73,2.19965934696017e-72
"p1413",814.934276154181,-1.0254051770569,0.129419103835045,-7.92313612651703,2.3159379465683e-15,9.60708490503669e-15
"p1415",387.28629472653,1.92096683732409,0.17283249297864,11.1146162635142,1.06507543018583e-28,6.50456780577776e-28
"p1419",323.220865544177,-1.36032043879761,0.199824274084497,-6.80758353823613,9.92516803414755e-12,3.40956107244488e-11
"p1421",2448.85314897756,-1.77982532605565,0.0938972793063686,-18.9550255258028,4.01359163850087e-80,6.05580150162043e-79
"p1422",4471.96680349065,-1.24897672501646,0.0781711921534973,-15.9774552569694,1.8348493527897e-57,1.90799537428605e-56
"p1431",1577.74838392412,-3.16417492843198,0.126641847145242,-24.9852240768652,8.84949374803511e-138,2.65807823808063e-136
"p1432",850.214012550469,-2.23433474557506,0.141364496662209,-15.8054872215476,2.85176993299056e-56,2.88741705715294e-55
"p1435",276.693086801648,-1.32732083799258,0.2264172899404,-5.86227685324724,4.56562951447929e-09,1.37236402788743e-08
"p1439",741.536611966791,-1.50426387346227,0.141813910804618,-10.6073083023198,2.75573653938018e-26,1.54783888106062e-25
"p1440",869.422336640054,3.34527809364738,0.13814517538427,24.2156708284745,1.5213996205038e-129,4.18113217134883e-128
"p1442",201.542941698747,1.07148764844306,0.226641649802211,4.72767317647985,2.27107345043663e-06,5.6192637302604e-06
"p1443",208.586048940295,1.04764951799325,0.239224470175987,4.37935766864708,1.19029633557795e-05,2.79713062136834e-05
"p1450",606.882045205225,3.47874102314549,0.150827030167834,23.0644402351123,1.05369153175103e-117,2.49481733440745e-116
"p1451",129.304995669113,1.02246007059557,0.284635264244841,3.59217637107697,0.000327927777100435,0.000657136522080168
"p1471",495.876611596918,2.04840328745895,0.15317582112808,13.3728892221583,8.70910686017294e-41,6.94472303513272e-40
"p1474",713.735734452923,3.09665779858527,0.14915383290242,20.7615033306664,9.65002169621093e-96,1.85642292380858e-94
"p1477",682.011799663517,2.11278026681216,0.140570111421346,15.0300817538608,4.6642976361229e-51,4.40389819754181e-50
"p1482",252.149369343147,-1.76124445781258,0.230470235701353,-7.64196058746097,2.1393867279431e-14,8.52983464845707e-14
"p1485",835.922435084354,-1.40317774500526,0.131895079979524,-10.638590501049,1.97088125428486e-26,1.11925691894627e-25
"p1487",192.919047456733,1.07765997215369,0.240428286792806,4.48225117988043,7.38597362677299e-06,1.76232766071374e-05
"p1488",2972.79125342804,3.01764379715394,0.0879996133384356,34.2915574588773,1.04851332436828e-257,6.45464802481116e-256
"p1491",4298.57228655685,-1.03138975276285,0.0817900836306967,-12.6102053816187,1.85508956948714e-36,1.39950139580427e-35
"p1492",815.989245169073,-3.6194633912298,0.176359779860767,-20.5231793444475,1.33677756002356e-93,2.53987736404476e-92
"p1493",355.251965003227,-1.72915586995369,0.199907110631001,-8.64979672056519,5.15912462483687e-18,2.35605127525933e-17
"p1497",927.686771807154,2.54109561172176,0.134085136281309,18.951359428763,4.30321802404167e-80,6.42975974660207e-79
"p1499",544.498582718848,-1.87352162319798,0.164262953258785,-11.4056248595894,3.91952668224417e-30,2.47219326392368e-29
"p1503",283.57803217565,-1.19492656879609,0.206834017063168,-5.7772245869554,7.59428878339317e-09,2.26065965911839e-08
"p1504",1116.33750748996,-2.06255124666342,0.129986613306265,-15.8674127604493,1.06543097485431e-56,1.08589289423893e-55
"p1505",354.880979285661,1.73058603128939,0.175419824581378,9.86539597459558,5.88019747245802e-23,3.04701141754643e-22
"p1506",170.057144745292,1.28878810370685,0.250006426260598,5.15501990482222,2.53603989065423e-07,6.81145792620742e-07
"p1510",163.068312217909,1.10241260751465,0.271138947668082,4.06585854594443,4.7855957372273e-05,0.000104765744517679
"p1514",402.573711574517,-2.27480336357538,0.208731046765389,-10.898251117057,1.17493860356349e-27,6.92808624859849e-27
"p1517",1105.68252896291,1.79421131621869,0.118841582066527,15.0975044678747,1.68178921372507e-51,1.60762335398937e-50
"p1523",259.442066805415,1.56025238933067,0.204311698693679,7.6366277570328,2.2298498544344e-14,8.86754244437864e-14
"p1525",416.816296139261,2.59000417757176,0.176504446651911,14.6738749459359,9.47744791345129e-49,8.57987784635384e-48
"p1526",476.764024477071,-2.04834730957596,0.199375065288642,-10.2738389407446,9.24508872486405e-25,5.02762952210804e-24
"p1528",373.313983528479,1.46572247793484,0.180799331003088,8.10690210966436,5.19266618969197e-16,2.21986479609332e-15
"p1536",249.327415630935,1.27959436137674,0.205623113562651,6.22300839242406,4.87711281005283e-10,1.54441905651673e-09
"p1537",857.484313914285,-1.88926836686208,0.140000929891959,-13.4946844161682,1.68073295516304e-41,1.37587660531698e-40
"p1538",1493.84063517587,-1.80905784708811,0.109936107840168,-16.4555384270856,7.65382309404744e-61,8.66120128069045e-60
